[{"id":"6281575886399@s.whatsapp.net","besi":17,"gold":10,"emerald":7,"umpan":5,"potion":1},{"id":"12496030270@s.whatsapp.net","besi":15,"gold":10,"emerald":5,"umpan":5,"potion":1},{"id":"6282331660134@s.whatsapp.net","besi":5,"gold":1,"emerald":1,"umpan":1,"potion":1},{"id":"6282331660134@s.whatsapp.net","besi":12,"gold":1,"emerald":2,"umpan":1,"potion":1},{"id":"6282331660134@s.whatsapp.net","besi":5,"gold":1,"emerald":1,"umpan":1,"potion":1},{"id":"6282331660134@s.whatsapp.net","besi":5,"gold":1,"emerald":1,"umpan":1,"potion":1},{"id":"6282331660134@s.whatsapp.net","besi":9,"gold":1,"emerald":0,"umpan":1,"potion":1},{"id":"6281214281312@s.whatsapp.net","besi":5,"gold":1,"emerald":1,"umpan":1,"potion":1}]